"id","first_name","last_name","age","job_title","experience"
"3e5980be-3c92-490b-9e16-31894d3c3746","Orval","Kilback",19,"District Data Analyst",1
"1dbd47f4-cfcb-4564-bacc-7ac34aae0365","Alysa","Stanton",55,"Central Creative Facilitator",1
"c252eb12-9309-403a-9a2a-73f042c09a39","Iva","Maggio",39,"Internal Accountability Strategist",1
"7f67b7e4-7fbf-4159-914f-b9f9a94df527","Iliana","Erdman",53,"Regional Integration Developer",1
"3908e031-2fa5-4c37-908f-99ff2da459fc","Stephon","Carroll",47,"Investor Research Architect",1
"1ec9deb0-5446-4052-baa0-adb2d39bd87b","Gunner","Fritsch",57,"Internal Communications Assistant",1
"64d8a5df-330d-4a8e-b844-248adc77ccef","Ashton","Osinski",50,"Corporate Program Liaison",1
"8f3411bb-62c9-4e12-9885-305ecda4a301","Brandi","Witting",40,"Investor Accounts Director",1
"e1439d43-60bf-43ef-a92a-e9b86e9edb7b","Madeline","Schulist",44,"Product Communications Associate",1
"52924c83-2287-49a9-a8fa-9710f106f168","Telly","Reilly",51,"Customer Directives Architect",1
"701b7d44-6ec2-4cba-bcd7-1172a986142a","Dee","Kohler",29,"International Metrics Assistant",1
"8d81f590-c642-409b-8798-b184f84df73c","Taya","Mertz",31,"Central Communications Executive",1
"acdabe07-1a68-4c3a-aa09-ef8743569ed9","Minnie","Lubowitz",43,"International Infrastructure Analyst",1
"c46ea415-7642-4b18-b453-c8dede3a7057","Darron","Treutel",53,"Lead Implementation Engineer",1
"53de9e13-f8ce-429d-b070-1637700bf634","Shayna","Rempel",27,"Legacy Implementation Coordinator",1
"bb99799f-64f9-4bef-9ccf-ea962a4cd6eb","Westley","Torp",45,"Future Data Developer",1
"567e9bea-c3f9-4acd-bf9a-5cb6e05adceb","Thea","Goldner",29,"Lead Assurance Technician",1
"c2ee8e97-c68a-49ce-9db9-9693818c8416","Gabrielle","Rice",38,"Global Marketing Coordinator",1
"1629c876-4fb1-4d0b-a95f-ec66b6e520d3","Gino","Orn",28,"Forward Identity Director",1
"487203c0-ad93-40ce-8154-0a1ec3a2799e","Emily","Volkman",27,"Corporate Web Analyst",1
"0b4cff08-539d-4102-a693-79be9ab7ac21","Nathaniel","Feeney",41,"Senior Response Manager",1
"381feb83-e7cb-4e9a-9f34-b12a26d6394a","Elian","Medhurst",23,"Customer Identity Executive",1
"9e4099a6-9518-4530-b10b-833cb2494168","Marisol","Adams",42,"Legacy Infrastructure Officer",1
"142eb11a-55dd-41d5-ac89-6738e3ce2641","Alvah","Nikolaus",40,"Dynamic Assurance Administrator",1
"fc96c971-8848-4ff7-880d-9434a694bfa5","Rosalind","Pfeffer",33,"District Infrastructure Designer",2
"811f9f53-e6af-4711-8676-1b2b7c9970ad","Gracie","Emard",62,"Lead Functionality Executive",2
"b0a0b395-4ac8-4f15-99f6-93847f553049","Carroll","Doyle",30,"Dynamic Division Facilitator",2
"3a8ee9b2-e3bd-4d96-a87b-e1adaa6a6ce3","Florine","Beer",60,"Product Marketing Executive",2
"55f075d9-210b-41fd-8c54-41a24f90303f","Christiana","Beer",39,"Principal Directives Facilitator",2
"763c1d32-8b82-4039-838c-c753558cd1b5","Tristian","Padberg",43,"Forward Implementation Engineer",2
"04ba9bab-bce3-4b35-94fb-0f93186b90b0","Blanche","Welch",43,"Regional Intranet Engineer",2
"dd61b12a-809a-43e6-90c9-2ef0eb776491","Hunter","Windler",42,"Corporate Solutions Manager",2
"dea81130-4888-417d-8b44-213f8df56e88","Delmer","King",31,"Dynamic Accounts Designer",2
"0be3cf87-d172-47f8-96cd-fc8d48e69a5c","Audie","Conn",20,"Investor Integration Producer",2
"70ca28d5-f917-407c-8c0d-1c9eacc40323","Briana","Hahn",31,"Direct Applications Architect",2
"9a170b68-abf1-4c11-8e02-024fc8a5e76f","Mollie","Halvorson",19,"Chief Security Coordinator",2
"19cc0679-5ad6-47fd-ae7f-2bff2ed09762","Eleanore","Zemlak",36,"Regional Operations Assistant",2
"8a5ca907-7327-417d-bb16-07ceb8d85671","Krystina","Kuphal",19,"International Creative Technician",2
"559c39be-478b-4de6-9d31-9fae8dce7db3","Dejuan","Botsford",22,"Dynamic Creative Developer",2
"2677489d-9bf4-485d-b00c-91e7a2d05864","Beulah","Crist",26,"Global Security Orchestrator",3
"3b109109-83b8-427d-97c2-8ec133fc5ff4","Gerda","Konopelski",48,"Chief Metrics Planner",3
"4392c74e-6636-4e75-bee3-e5e7bfdf9330","Deanna","Mitchell",45,"Investor Branding Planner",3
"44ff9773-6f8c-4ddf-9e19-a9d833a3ddb1","Arely","Little",41,"Principal Markets Producer",3
"fe894ce3-7b26-4f4c-96b5-31f6e480192c","Rollin","Hauck",23,"Chief Response Technician",3
"9b8e1585-1e75-457f-b11f-e280feb8d770","Cecelia","Parisian",20,"Product Web Agent",3
"ccfdae93-0fec-4438-bdb5-393ff2978f17","Daniela","Blick",59,"Chief Optimization Associate",3
"07c10346-9142-4c9d-ac97-10012c08389c","Dahlia","Upton",24,"Lead Factors Liaison",3
"d1a639c1-aae0-4cab-85ec-704504814b30","Dena","Bartoletti",25,"Global Branding Supervisor",3
"8f9d5d3a-290d-4252-9ed9-100531d40aa1","Marge","Johnston",20,"Internal Integration Analyst",3
"2af95abc-2863-45e9-8460-53fc9def0a1b","Aniya","Howell",30,"Corporate Integration Supervisor",3
"4401285f-88be-4a5c-ac80-b96d01fa4d1a","Lola","Boyle",42,"District Configuration Architect",3
"284a32f2-16ca-4d95-ae8d-6f7a789132e9","Mylene","O'Kon",35,"Chief Division Agent",3
"19e0eb55-3e79-40df-a63a-3a602697df0f","Flavio","Altenwerth",35,"Investor Markets Architect",3
"65d03c9d-65cc-4728-9fef-65853a36ee4d","Ashly","Murray",46,"Dynamic Assurance Assistant",3
"211dec99-c964-4639-bee5-1362f8ff7d03","Toy","Ondricka",32,"Direct Research Coordinator",3
"d5d2a187-9f7b-433b-b6ce-8b63b5323533","Camren","Konopelski",31,"Regional Communications Developer",3
"783aaac5-3120-4257-be78-03e20c3b85f9","Jimmy","Dicki",49,"Principal Operations Strategist",3
"835bc827-b304-4f0a-a80f-bb8674e89481","Zachery","Price",52,"Regional Mobility Representative",3
"f9c420ec-ee3b-4beb-ab9e-a5015189f0d9","Sheila","Jaskolski",47,"Global Program Specialist",3
"6885fa89-b6ab-4de4-870d-bc06ef98be3e","Maryjane","MacGyver",24,"Lead Marketing Architect",4
"6f959a90-e430-43ff-be5a-e899ce699f89","Ronny","Kuphal",47,"Investor Solutions Engineer",4
"e7facc9d-7364-4f15-b8db-e9f073514b11","Meaghan","Mann",34,"Investor Assurance Developer",4
"d239685f-ea66-46d3-982a-5cb044d7e63d","Harold","Gusikowski",22,"International Metrics Executive",4
"b2615e23-6027-4e81-9a9a-92fa93d872e1","Jolie","Blanda",33,"District Optimization Executive",4
"9132d500-b835-4b8d-b7d0-4bee7c024ffb","Florencio","Barrows",27,"Dynamic Response Representative",4
"29aff2e1-77cf-478e-a225-0c07499b74b8","Nannie","Little",62,"Product Intranet Designer",4
"fa6fabd0-2974-4a60-9a57-758daac3964e","Caroline","Osinski",55,"Lead Response Developer",4
"642dfa38-c1c8-43ba-9705-634e2c4cb59c","Conor","Nolan",21,"Regional Markets Executive",4
"e66e4da5-52ff-4da0-b7eb-9bb9b8f69bed","Triston","Moore",35,"Forward Marketing Technician",4
"83d8cef4-dc94-404f-b575-f8068312d843","Sean","Wolf",26,"Corporate Response Executive",4
"0321b193-516c-4ec3-9fa8-bffe158ea1a2","Kiara","Ratke",28,"Central Paradigm Officer",4
"42407ad3-06f1-455d-9b68-7d2117172a53","Drew","Green",47,"Corporate Creative Coordinator",4
"3646168f-c1ce-4330-85cc-2f1334df77b9","Winifred","Okuneva",43,"Product Communications Associate",4
"8cff65a3-e309-49ce-850e-95a0478719f7","Layla","Ruecker",50,"District Paradigm Consultant",4
"c3680976-76fb-4210-9559-badf4631e1af","Hildegard","Towne",38,"Regional Creative Engineer",4
"f5aae5a0-6bd2-4537-8a97-42a8e6496e76","Jefferey","Nikolaus",37,"Corporate Quality Facilitator",4
"a3fd536a-50ad-48f7-b25e-b70350524ec6","Josefina","Nitzsche",65,"Lead Optimization Designer",4
"91e44f93-48c2-41de-baed-d87de298ad16","Tremaine","Metz",62,"International Intranet Facilitator",4
"767ac769-944f-4634-adad-abe69b76f9cb","Charlie","Ritchie",28,"Legacy Assurance Orchestrator",4
"b0ded87f-1919-4ff8-8260-b3d8b81d15c4","Cara","Murray",45,"National Operations Executive",4
"5c03a9b4-c66e-4f3d-aa89-44cee2443297","Jayde","Nitzsche",43,"Product Markets Associate",5
"71f0a704-00e8-498a-9df6-c1af1e104363","Leann","Thiel",44,"Senior Interactions Technician",5
"064c0493-f02a-422d-8026-35df76053d22","Logan","Lind",23,"Senior Communications Producer",5
"eb49ab10-4892-47bd-95d2-757a55ca441d","Ole","Murazik",32,"Chief Mobility Specialist",5
"a247724d-97c1-4669-bd2b-8c100e675a3c","Evalyn","Friesen",65,"Human Mobility Facilitator",5
"167b5b1d-7d22-477b-9af9-74b9407cc645","Javon","Ryan",38,"Customer Tactics Liaison",5
"f1ed1e4c-c4a8-4aad-a089-72e8f7f08fe6","Alexanne","Schoen",20,"Product Creative Strategist",5
"bd0742fc-50c3-494d-9b24-9366013f335c","Luella","Klocko",56,"Chief Markets Executive",5
"70600d49-28e4-4032-9f13-11a946d82f62","Augustine","Heller",27,"Corporate Group Specialist",5
"716c1f8a-26b5-43b8-8cf5-e430fd0a006f","Kyler","Rempel",39,"Principal Usability Planner",5
"a828b1a9-2476-4fdc-855c-aee8c3ddab2f","Hobart","Waelchi",18,"Regional Paradigm Specialist",5
"b1d5111d-882b-4d98-8cc6-46d532abede4","Bertha","Zboncak",36,"International Usability Technician",5
"56994e0a-8f00-4383-89b6-ef1f13e0dd01","Major","Klocko",62,"Future Markets Strategist",5
"d5b3f37a-77e4-4a3a-b610-7d98c2d7aedd","Anya","Schowalter",49,"National Mobility Technician",5
"eb02cdce-e67a-489a-908f-95c95f6fdc86","Brando","Wisoky",41,"National Integration Developer",5
"e4388a2a-519e-45cc-a99c-37bd21dbd95c","Patience","Halvorson",46,"National Metrics Technician",5
"8c012e77-172b-486c-82ec-eeaba7233574","Frank","Schmeler",19,"Senior Metrics Analyst",5
"70ca649c-06ac-4fa4-b567-53657b61ef90","Tracey","Simonis",37,"Principal Division Manager",5
"09cd378e-fb45-494a-99fd-2b9ea3660f2d","Walter","Donnelly",29,"Human Assurance Analyst",5
"c5302123-dd10-4953-a686-2fc7af5a4bdb","Forest","Walsh",31,"National Identity Orchestrator",5
"1771bead-0ff3-4c12-92da-ec2cf47ad8d0","Saul","Predovic",63,"Direct Infrastructure Manager",5
"066d0de9-26d0-4ba8-95be-1967a20b2e3d","Howell","Beatty",56,"Internal Markets Technician",6
"72786119-d2b1-45d4-8f49-1a56fcd2b657","Nicholaus","Armstrong",64,"National Division Specialist",6
"6b10b14b-2663-452b-a49d-76394a476094","Demarcus","Schowalter",21,"Product Group Administrator",6
"6f6f9a57-c904-46cb-bfd4-70580020383a","Pinkie","Boyer",20,"Senior Mobility Specialist",6
"2fa81452-cf86-40be-9e1b-4a676165cee5","Frank","Ward",41,"Regional Factors Specialist",6
"77322582-d9a0-4c71-b5c9-c2b905d5d4c2","Gracie","Bartell",54,"Human Directives Orchestrator",6
"b7bea1b3-6a26-49fc-aadd-560070a64113","Hazel","Block",43,"International Factors Executive",6
"4d1202bc-03f2-4399-97f8-eda12d9b07b9","Fausto","Davis",35,"Direct Quality Officer",6
"097dba6c-63a3-4923-b449-3e1bb6dce40a","Gust","Gerhold",29,"Chief Identity Engineer",7
"505607a0-9888-4fde-92b8-654e55f07506","Frederik","Baumbach",40,"Customer Usability Administrator",7
"75f25120-6fbb-4d28-9106-dd25cd201bd1","Rubye","Dach",27,"Principal Directives Facilitator",7
"1bb1e4d8-80ba-4726-bd4f-4cff08d60cad","Cleve","Heidenreich",50,"Human Web Facilitator",7
"9728ff89-2a0f-41a1-a8a5-6b8ec6da70b5","Nyasia","Yundt",65,"Investor Assurance Agent",7
"fd479017-4025-4d1d-ae94-e977db509cc7","Humberto","Kiehn",52,"Customer Identity Coordinator",7
"1f9cc0d2-cb88-4a03-8eaf-39840216e815","Nash","Quigley",51,"Future Division Technician",7
"995d13dc-fe71-44c6-afcd-18f472208099","Kian","Keeling",60,"Product Assurance Specialist",7
"4b4d0ff8-47eb-457a-855c-7a14352d595d","Florencio","Mayer",54,"Internal Security Supervisor",7
"e877b63f-3211-4961-8164-86e64c1daed3","Betsy","Hintz",36,"Dynamic Web Strategist",7
"acb43ad1-7bad-4abc-acac-c1f6200bde68","Neal","Veum",18,"Dynamic Infrastructure Director",7
"42dfac35-7cb5-472b-9158-b5a6c19e1e4c","Frankie","Ziemann",38,"Product Factors Facilitator",7
"bdee843a-d9ed-4b0c-bcf9-9bca13c34e94","Ward","Hoppe",64,"Regional Functionality Orchestrator",7
"738f632e-c73b-4cb4-946a-9aa157693b63","Brenden","Terry",49,"Human Markets Engineer",7
"5a624dd6-4cc2-4efc-8991-c7ddd0c158f3","Gordon","Kerluke",33,"International Research Assistant",7
"aa1f0061-8c6c-49ba-825d-676ae128c4f3","Doris","Shanahan",23,"Global Data Producer",7
"0fa8ec83-8f4e-4030-a4f0-617959dec2ef","Frederic","Graham",29,"Customer Response Liaison",7
"b17e2c48-1d50-4eb2-b417-549aab2bab70","Samara","Mitchell",38,"Legacy Usability Officer",8
"6d24c32a-e6c2-437e-8bef-cfa544d8b688","Owen","Raynor",54,"Human Mobility Architect",8
"fcb3b6b1-eb75-4c2f-a893-587beba08db6","Earl","Feeney",60,"Senior Communications Strategist",8
"b755b7d3-25f4-4c89-9d52-2a332a24dee9","Annette","Bergstrom",62,"Future Group Strategist",8
"22a5d7b9-d1aa-4c3e-94e5-4d60960c2c2d","Alessia","Stokes",60,"Senior Functionality Coordinator",8
"5f312268-3092-43ec-9c22-3447691bbe7d","Saige","Davis",61,"International Group Supervisor",8
"9eeae5fa-77c4-467c-b82f-e3dc5e287a94","Joesph","Becker",22,"Chief Web Planner",8
"d21171c2-658c-4c65-9b1f-2835051c2595","Lewis","Marks",58,"Central Directives Executive",8
"2cbffc15-4168-4b61-b5b3-8d64f2b53d32","Hal","Pollich",38,"Corporate Quality Supervisor",8
"992e23c9-d3a8-4174-8915-53b130904241","Easter","Stark",64,"Direct Operations Specialist",8
"f975b008-7372-4afc-8e96-6d24942c0c8a","Connor","Becker",41,"Principal Accountability Liaison",8
"1f0df030-fcfc-410b-abf3-957ef1511f21","Rodrigo","Reichert",27,"Principal Integration Orchestrator",8
"ed188c2d-eb40-4b55-a181-2411adafa235","Roy","Hills",34,"Dynamic Marketing Planner",8
"21f78371-09ab-4c0c-88d5-13b3f30c2f03","Ozella","Walker",31,"Global Markets Administrator",8
"c7633c95-a18f-4e33-91e4-366ea65dc9ce","Willow","Hilpert",19,"Lead Branding Designer",8
"d54d6b8d-0d7a-48a9-9f88-0f99a0fed123","Sebastian","Kshlerin",45,"Internal Web Specialist",8
"169f45fd-d631-4306-a9fd-40743375d9ef","Shirley","Corkery",19,"Lead Response Producer",8
"d2b7cb52-138b-4043-ac57-5a85412a2d24","Eliezer","Oberbrunner",18,"Legacy Marketing Officer",8
"3d3434fa-93e9-4e4a-ac8e-93d90415ae44","Sydni","Harvey",64,"Central Markets Executive",8
"6e6b5f15-605f-41ee-a0c9-d44a11404708","Guadalupe","Bogisich",44,"Chief Brand Administrator",8
"591481ff-b105-40f7-84b5-f7693d0b2965","Nella","Abbott",42,"District Mobility Officer",9
"245a0ff2-6498-4f82-828f-a712617cc2ed","Rogelio","Jenkins",53,"Customer Data Assistant",9
"dbeb028c-cb82-4461-8e77-9dd0836ada22","Yazmin","Morissette",33,"Human Operations Director",9
"b5f7d8c9-f3f6-4ad5-bdf2-e4aa9e8c34a1","Ophelia","Leannon",61,"Senior Mobility Consultant",9
"f5d7866c-3f25-409b-a220-5fa058e6fded","Elenor","Langworth",42,"Dynamic Data Specialist",9
"66a680ef-a15f-4eb6-b5ef-9ea8473a8f9c","Alek","Block",21,"Senior Communications Executive",9
"ad8673f8-c690-4127-aeb2-4e8a79e3bc1e","Jolie","Bartell",39,"Customer Brand Developer",9
"80ae8eef-8825-4458-890a-f7895a60307e","Emmanuel","Osinski",44,"Future Markets Administrator",9
"b028ce74-9081-46c2-9ad0-d780e5b9904e","Arlie","King",31,"Forward Integration Analyst",9
"6b3314f2-14e0-4a38-a55e-63605a53928d","Zena","Simonis",51,"Product Branding Agent",9
"22996f91-8fef-4651-9a54-3d6ed413d88e","Jacynthe","O'Keefe",56,"Senior Solutions Architect",9
"46a63bdc-862f-4dc5-a22c-96e9940e144f","Melody","Langworth",64,"Future Mobility Analyst",9
"d61a4821-66c3-4d1c-926b-768d48a5afd7","Polly","Kunze",59,"National Solutions Architect",9
"8d432894-cc12-4e3a-8012-fcf112f7a110","Cyrus","O'Reilly",42,"Principal Accountability Orchestrator",9
"999f7fdd-ca04-4d2c-85de-e47f20791b54","Benjamin","Halvorson",27,"District Infrastructure Analyst",9